
	<!DOCTYPE project [
		<!ELEMENT project (objectids-table | current-scenario | duration | aggregation-period | truncated-mean | percentile)* >
	
		<!ELEMENT objectids-table (objectids-entry)* >
		<!ELEMENT objectids-entry (#PCDATA)>
		<!ELEMENT duration (#PCDATA)>
		<!ELEMENT truncated-mean (#PCDATA)>
		<!ELEMENT percentile (#PCDATA)>
		<!ELEMENT aggregation-period (#PCDATA)>
		<!ELEMENT current-scenario (#PCDATA)>
		<!ATTLIST duration
		    value CDATA #REQUIRED>
	    <!ATTLIST aggregation-period
		    value CDATA #REQUIRED>
		<!ATTLIST objectids-entry
		    objectid CDATA #REQUIRED
		    type CDATA #REQUIRED
		    value CDATA #REQUIRED
		    key CDATA #REQUIRED>
		<!ATTLIST truncated-mean
		    centered-interval CDATA #REQUIRED
		    percentage CDATA #REQUIRED>
		 <!ATTLIST percentile
		    percentage CDATA #REQUIRED>
	]>


<!--****** RUNTIME PROJECT ******--><project>
<!--****** CURRENT SCENARIO ******-->
<current-scenario>scenario1</current-scenario>
<!--****** OBJECTIDS ******-->
<objectids-table>
<objectids-entry key="" objectid="0" type="LG_HOST" value="localhost:7100"/>
<objectids-entry key="" objectid="1" type="ZONE" value="Default zone"/>
<objectids-entry key="Default zone¤Population1¤" objectid="2" type="POPULATION" value="Population1"/>
<objectids-entry key="Default zone¤Population1¤PetStore_Workflow_Enhanced" objectid="3" type="VIRTUAL_USER" value="PetStore_Workflow_Enhanced"/>
<objectids-entry key="Default zone¤Population1¤PetStore_Workflow_Enhanced" objectid="4" type="BASIC_LOGICAL_CONTAINER" value="$parent=PetStore_Workflow_Enhanced;$index=0"/>
<objectids-entry key="Default zone¤Population1¤PetStore_Workflow_Enhanced" objectid="5" type="BASIC_LOGICAL_CONTAINER" value="$parent=PetStore_Workflow_Enhanced;$index=1"/>
<objectids-entry key="Default zone¤Population1¤PetStore_Workflow_Enhanced" objectid="6" type="BASIC_LOGICAL_CONTAINER" value="33406304-af15-4f36-965b-c51d27a43402"/>
<objectids-entry key="Default zone¤Population1¤PetStore_Workflow_Enhanced" objectid="7" type="HTTP_PAGE" value="fd782cc6-e057-48c6-8570-392ba61ecd6d"/>
<objectids-entry key="Default zone¤Population1¤PetStore_Workflow_Enhanced" objectid="8" type="ACTION" value="dee605b2-4c80-4bda-a163-eb8364967366"/>
<objectids-entry key="Default zone¤Population1¤PetStore_Workflow_Enhanced" objectid="9" type="ACTION" value="fbb4ff00-51f2-41a3-8396-75fdcf949d7c"/>
<objectids-entry key="Default zone¤Population1¤PetStore_Workflow_Enhanced" objectid="10" type="ACTION" value="3a148eb3-9379-4ad9-b4ab-e114340e4ac7"/>
<objectids-entry key="Default zone¤Population1¤PetStore_Workflow_Enhanced" objectid="11" type="ACTION" value="eb189b70-f493-4388-a59b-68a2fba14a47"/>
<objectids-entry key="Default zone¤Population1¤PetStore_Workflow_Enhanced" objectid="12" type="ACTION" value="270fe9a7-5beb-4407-a84c-adff3859f219"/>
<objectids-entry key="Default zone¤Population1¤PetStore_Workflow_Enhanced" objectid="13" type="ACTION" value="46f8e5ba-0477-4487-a6e5-2c49d1afdaea"/>
<objectids-entry key="Default zone¤Population1¤PetStore_Workflow_Enhanced" objectid="14" type="ACTION" value="aa7843e2-ff39-4fba-905f-d52e0f473fc7"/>
<objectids-entry key="Default zone¤Population1¤PetStore_Workflow_Enhanced" objectid="15" type="ACTION" value="476a03ad-1414-4d56-aeb5-5fdf076a568b"/>
<objectids-entry key="Default zone¤Population1¤PetStore_Workflow_Enhanced" objectid="16" type="ACTION" value="a3bd7638-2846-454d-a857-1fd67c02c3e3"/>
<objectids-entry key="Default zone¤Population1¤PetStore_Workflow_Enhanced" objectid="17" type="ACTION" value="b5dc59cf-3ff3-4909-9b58-01df25d26e78"/>
<objectids-entry key="Default zone¤Population1¤PetStore_Workflow_Enhanced" objectid="18" type="ACTION" value="eec681e9-4c89-4df0-9704-469ff5ca9a0a"/>
<objectids-entry key="Default zone¤Population1¤PetStore_Workflow_Enhanced" objectid="19" type="ACTION" value="ae8a28c8-3544-4d46-973a-8840dead8f46"/>
<objectids-entry key="Default zone¤Population1¤PetStore_Workflow_Enhanced" objectid="20" type="ACTION" value="8c2feb1a-026e-4cdf-b05f-831fa2377bca"/>
<objectids-entry key="Default zone¤Population1¤PetStore_Workflow_Enhanced" objectid="21" type="ACTION" value="1bb2ebca-f576-4f20-b3e6-ba403f835d7b"/>
<objectids-entry key="Default zone¤Population1¤PetStore_Workflow_Enhanced" objectid="22" type="ACTION" value="8abdc28c-e0ad-4ba2-b31d-58a1305222c7"/>
<objectids-entry key="Default zone¤Population1¤PetStore_Workflow_Enhanced" objectid="23" type="ACTION" value="81c9aeae-9be0-4ea5-8c54-e5e1d87ec040"/>
<objectids-entry key="Default zone¤Population1¤PetStore_Workflow_Enhanced" objectid="24" type="DELAY" value="6ffa9931-f8dc-4ecd-bcbc-824785b2853a"/>
<objectids-entry key="Default zone¤Population1¤PetStore_Workflow_Enhanced" objectid="25" type="BASIC_LOGICAL_CONTAINER" value="fef7696a-1876-424f-b77e-9f4ec665beef"/>
<objectids-entry key="Default zone¤Population1¤PetStore_Workflow_Enhanced" objectid="26" type="HTTP_PAGE" value="13b99ad1-a893-4136-bb5c-dcb8b0ad4b66"/>
<objectids-entry key="Default zone¤Population1¤PetStore_Workflow_Enhanced" objectid="27" type="ACTION" value="8cccdc27-f246-4d1e-bc72-7153729f558c"/>
<objectids-entry key="Default zone¤Population1¤PetStore_Workflow_Enhanced" objectid="28" type="DELAY" value="8511f348-ea19-47c1-8d1a-79f25c5ca8c4"/>
<objectids-entry key="Default zone¤Population1¤PetStore_Workflow_Enhanced" objectid="29" type="BASIC_LOGICAL_CONTAINER" value="494b473a-9d86-42c4-88bb-c6705a6142f8"/>
<objectids-entry key="Default zone¤Population1¤PetStore_Workflow_Enhanced" objectid="30" type="HTTP_PAGE" value="1609b1e8-91a2-4605-a1c7-71426d5fcbd4"/>
<objectids-entry key="Default zone¤Population1¤PetStore_Workflow_Enhanced" objectid="31" type="ACTION" value="cf585583-7020-45f0-9cd2-31ae1acccf0e"/>
<objectids-entry key="Default zone¤Population1¤PetStore_Workflow_Enhanced" objectid="32" type="ACTION" value="62a1dc71-bffd-4fb1-9594-d76e023f9858"/>
<objectids-entry key="Default zone¤Population1¤PetStore_Workflow_Enhanced" objectid="33" type="ACTION" value="fd0e7a5c-2296-446f-8d0e-a9cf8fc66078"/>
<objectids-entry key="Default zone¤Population1¤PetStore_Workflow_Enhanced" objectid="34" type="DELAY" value="e671a96c-72ba-4a8a-b8ca-0b90d47f23d8"/>
<objectids-entry key="Default zone¤Population1¤PetStore_Workflow_Enhanced" objectid="35" type="BASIC_LOGICAL_CONTAINER" value="9a1a86cb-311a-44c0-b91f-1f1c8a18f3b6"/>
<objectids-entry key="Default zone¤Population1¤PetStore_Workflow_Enhanced" objectid="36" type="HTTP_PAGE" value="eb72a71a-6a32-446b-8963-599a10715760"/>
<objectids-entry key="Default zone¤Population1¤PetStore_Workflow_Enhanced" objectid="37" type="ACTION" value="029e51d3-da2e-4f7c-bd94-a0b4d44c6d68"/>
<objectids-entry key="Default zone¤Population1¤PetStore_Workflow_Enhanced" objectid="38" type="DELAY" value="a075aaee-4c39-4c3e-aa28-92d6303d44bd"/>
<objectids-entry key="Default zone¤Population1¤PetStore_Workflow_Enhanced" objectid="39" type="BASIC_LOGICAL_CONTAINER" value="ec50238f-a059-4ee7-8557-710f4513032b"/>
<objectids-entry key="Default zone¤Population1¤PetStore_Workflow_Enhanced" objectid="40" type="HTTP_PAGE" value="75b268b2-c180-45c2-bac1-e006ea2be899"/>
<objectids-entry key="Default zone¤Population1¤PetStore_Workflow_Enhanced" objectid="41" type="ACTION" value="e593a228-b1a8-4527-afc0-3e3da441e451"/>
<objectids-entry key="Default zone¤Population1¤PetStore_Workflow_Enhanced" objectid="42" type="DELAY" value="3771a4cb-085b-4ee8-a105-994d80e0a85f"/>
<objectids-entry key="Default zone¤Population1¤PetStore_Workflow_Enhanced" objectid="43" type="BASIC_LOGICAL_CONTAINER" value="c5768b07-9686-45e5-82a6-91b4ee3ea932"/>
<objectids-entry key="Default zone¤Population1¤PetStore_Workflow_Enhanced" objectid="44" type="HTTP_PAGE" value="84de9bd5-8432-48b9-9304-5825f5c8a0f3"/>
<objectids-entry key="Default zone¤Population1¤PetStore_Workflow_Enhanced" objectid="45" type="ACTION" value="1e70c7d3-6801-432c-8404-261b0e30b24d"/>
<objectids-entry key="Default zone¤Population1¤PetStore_Workflow_Enhanced" objectid="46" type="DELAY" value="383ecfaf-3c34-4729-90d8-9438ee8838c6"/>
<objectids-entry key="Default zone¤Population1¤PetStore_Workflow_Enhanced" objectid="47" type="BASIC_LOGICAL_CONTAINER" value="25541e9b-3dd2-4f65-a1e8-df0389206766"/>
<objectids-entry key="Default zone¤Population1¤PetStore_Workflow_Enhanced" objectid="48" type="HTTP_PAGE" value="efba4694-77e5-4854-879a-b9c19986ce76"/>
<objectids-entry key="Default zone¤Population1¤PetStore_Workflow_Enhanced" objectid="49" type="ACTION" value="d546523c-ad66-46e3-ade7-8a172fd883b0"/>
<objectids-entry key="Default zone¤Population1¤PetStore_Workflow_Enhanced" objectid="50" type="DELAY" value="2f75e850-0009-4a09-bd95-cecfc6231244"/>
<objectids-entry key="Default zone¤Population1¤PetStore_Workflow_Enhanced" objectid="51" type="BASIC_LOGICAL_CONTAINER" value="5829f80e-30e0-4ff2-9f9b-b8210c00c9c4"/>
<objectids-entry key="Default zone¤Population1¤PetStore_Workflow_Enhanced" objectid="52" type="HTTP_PAGE" value="910dd44b-be0a-40a4-aff8-21886ccfffd1"/>
<objectids-entry key="Default zone¤Population1¤PetStore_Workflow_Enhanced" objectid="53" type="ACTION" value="e183dca5-2879-428a-ae11-6e4c7e00850b"/>
<objectids-entry key="Default zone¤Population1¤PetStore_Workflow_Enhanced" objectid="54" type="DELAY" value="27dea6a0-3822-46b0-a3e5-27afd6531c33"/>
<objectids-entry key="Default zone¤Population1¤PetStore_Workflow_Enhanced" objectid="55" type="BASIC_LOGICAL_CONTAINER" value="89f033da-e9d7-4961-83ad-a5ac8a674bde"/>
<objectids-entry key="Default zone¤Population1¤PetStore_Workflow_Enhanced" objectid="56" type="HTTP_PAGE" value="4f42e765-2ff3-40c4-8398-101cdaaefdcd"/>
<objectids-entry key="Default zone¤Population1¤PetStore_Workflow_Enhanced" objectid="57" type="ACTION" value="a4e77a4e-35fd-436d-ad67-82f036282075"/>
<objectids-entry key="Default zone¤Population1¤PetStore_Workflow_Enhanced" objectid="58" type="DELAY" value="249b502e-0332-4a2c-b8fc-0f289a38c1a0"/>
<objectids-entry key="Default zone¤Population1¤PetStore_Workflow_Enhanced" objectid="59" type="BASIC_LOGICAL_CONTAINER" value="3401e31b-b145-49dc-b818-857e47f92718"/>
<objectids-entry key="Default zone¤Population1¤PetStore_Workflow_Enhanced" objectid="60" type="HTTP_PAGE" value="879104f8-35a6-45d2-b695-e5e2c9b71045"/>
<objectids-entry key="Default zone¤Population1¤PetStore_Workflow_Enhanced" objectid="61" type="ACTION" value="2f92cabc-a01e-4f3d-b5bc-8be7b1647c96"/>
<objectids-entry key="Default zone¤Population1¤PetStore_Workflow_Enhanced" objectid="62" type="DELAY" value="5f9c4c56-891b-48b1-a5ab-6b2366f93821"/>
<objectids-entry key="Default zone¤Population1¤PetStore_Workflow_Enhanced" objectid="63" type="BASIC_LOGICAL_CONTAINER" value="f95a4610-1a73-464a-93eb-881890d5f722"/>
<objectids-entry key="Default zone¤Population1¤PetStore_Workflow_Enhanced" objectid="64" type="HTTP_PAGE" value="9a2bb389-7f71-481c-94cc-0c5edfcfd6e3"/>
<objectids-entry key="Default zone¤Population1¤PetStore_Workflow_Enhanced" objectid="65" type="ACTION" value="99edd41a-c6d2-41e4-be72-f41b5490ddad"/>
<objectids-entry key="Default zone¤Population1¤PetStore_Workflow_Enhanced" objectid="66" type="DELAY" value="e9ccbbae-453f-40e5-863a-4002ffc02245"/>
<objectids-entry key="Default zone¤Population1¤PetStore_Workflow_Enhanced" objectid="67" type="BASIC_LOGICAL_CONTAINER" value="adfeff76-e3eb-4393-95e5-79634d47a892"/>
<objectids-entry key="Default zone¤Population1¤PetStore_Workflow_Enhanced" objectid="68" type="HTTP_PAGE" value="b3d800da-07b1-496b-8515-592c83e91935"/>
<objectids-entry key="Default zone¤Population1¤PetStore_Workflow_Enhanced" objectid="69" type="ACTION" value="4fb1666a-9d14-4431-9bca-9d6ab73f462d"/>
<objectids-entry key="Default zone¤Population1¤PetStore_Workflow_Enhanced" objectid="70" type="ACTION" value="e570134c-0136-4d1c-af33-588e28134ed0"/>
<objectids-entry key="Default zone¤Population1¤PetStore_Workflow_Enhanced" objectid="71" type="DELAY" value="c08f9795-eb19-41a3-9697-288a9ec5f910"/>
<objectids-entry key="Default zone¤Population1¤PetStore_Workflow_Enhanced" objectid="72" type="BASIC_LOGICAL_CONTAINER" value="$parent=PetStore_Workflow_Enhanced;$index=2"/>
<objectids-entry key="¤¤" objectid="73" type="MONITORED_HOST" value="NeoLoad"/>
<objectids-entry key="¤¤" objectid="74" type="MONITORCONNECTION" value="NeoLoad$NeoLoad"/>
<objectids-entry key="¤¤" objectid="75" type="MONITOR" value="NeoLoad$NeoLoad$UserLoad"/>
<objectids-entry key="¤¤" objectid="76" type="MONITOR" value="NeoLoad$NeoLoad$throughput"/>
<objectids-entry key="¤¤" objectid="77" type="MONITOR" value="NeoLoad$NeoLoad$Alerts"/>
<objectids-entry key="¤¤" objectid="78" type="MONITOR" value="NeoLoad$NeoLoad$CriticalAlerts"/>
<objectids-entry key="¤¤" objectid="79" type="MONITOR" value="NeoLoad$NeoLoad$WarningAlerts"/>
<objectids-entry key="¤¤" objectid="80" type="MONITOR" value="NeoLoad$NeoLoad$cpu"/>
<objectids-entry key="¤¤" objectid="81" type="THRESHOLD" value="NeoLoad$NeoLoad$9be81f73-bcca-46df-89e8-af29d0acfd35"/>
<objectids-entry key="¤¤" objectid="82" type="MONITOR" value="NeoLoad$NeoLoad$memory"/>
<objectids-entry key="¤¤" objectid="83" type="THRESHOLD" value="NeoLoad$NeoLoad$41a4f056-72bd-4456-b0aa-423d6477c887"/>
<objectids-entry key="¤¤" objectid="84" type="MONITOR" value="NeoLoad$NeoLoad$threadcount"/>
<objectids-entry key="¤¤" objectid="85" type="MONITOR" value="NeoLoad$NeoLoad$connectedlg"/>
<objectids-entry key="¤¤" objectid="86" type="MONITOR" value="NeoLoad$NeoLoad$totallgdisconnections"/>
<objectids-entry key="¤¤" objectid="87" type="THRESHOLD" value="NeoLoad$NeoLoad$12d0d55d-be2d-480a-8766-b88797e02cdf"/>
<objectids-entry key="¤¤" objectid="88" type="MONITOR" value="NeoLoad$NeoLoad$totallgreconnections"/>
<objectids-entry key="¤¤" objectid="89" type="MONITOR" value="NeoLoad$NeoLoad$otcp.NeoLoad"/>
<objectids-entry key="¤¤" objectid="90" type="MONITOR" value="NeoLoad$NeoLoad$tcp.NeoLoad"/>
<objectids-entry key="¤¤" objectid="91" type="MONITOR" value="NeoLoad$NeoLoad$ibytesperinterface~NeoLoad~wlan1"/>
<objectids-entry key="¤¤" objectid="92" type="MONITOR" value="NeoLoad$NeoLoad$obytesperinterface~NeoLoad~wlan1"/>
<objectids-entry key="¤¤" objectid="93" type="MONITOR" value="NeoLoad$NeoLoad$ibytesperinterface~NeoLoad~wlan0"/>
<objectids-entry key="¤¤" objectid="94" type="MONITOR" value="NeoLoad$NeoLoad$obytesperinterface~NeoLoad~wlan0"/>
<objectids-entry key="¤¤" objectid="95" type="MONITOR" value="NeoLoad$NeoLoad$nlwebdownload"/>
<objectids-entry key="¤¤" objectid="96" type="MONITOR" value="NeoLoad$NeoLoad$nlwebupload"/>
<objectids-entry key="¤¤" objectid="97" type="MONITOR" value="NeoLoad$NeoLoad$SapUserLoad"/>
<objectids-entry key="¤¤" objectid="98" type="MONITOR" value="NeoLoad$NeoLoad$zoneuserload~Default zone"/>
<objectids-entry key="¤¤" objectid="99" type="MONITOR" value="NeoLoad$NeoLoad$zoneuserloadperpopulation~Default zone~Population1"/>
<objectids-entry key="¤¤" objectid="100" type="MONITOR" value="NeoLoad$NeoLoad$zoneuserloadperpopulation~Default zone~Population1~PetStore_Workflow_Enhanced"/>
<objectids-entry key="¤¤" objectid="101" type="MONITORED_HOST" value="LG localhost:7100"/>
<objectids-entry key="¤¤" objectid="102" type="MONITORCONNECTION" value="LG localhost:7100$NeoLoad"/>
<objectids-entry key="¤¤" objectid="103" type="MONITOR" value="LG localhost:7100$NeoLoad$lgcpu.localhost:7100"/>
<objectids-entry key="¤¤" objectid="104" type="THRESHOLD" value="LG localhost:7100$NeoLoad$bfb8268f-da22-4c43-a9f3-cadeb606b965"/>
<objectids-entry key="¤¤" objectid="105" type="MONITOR" value="LG localhost:7100$NeoLoad$lgmemory.localhost:7100"/>
<objectids-entry key="¤¤" objectid="106" type="THRESHOLD" value="LG localhost:7100$NeoLoad$e9f06471-788e-4611-a28c-6f0c7d7413bf"/>
<objectids-entry key="¤¤" objectid="107" type="MONITOR" value="LG localhost:7100$NeoLoad$lgthroughput.localhost:7100"/>
<objectids-entry key="¤¤" objectid="108" type="MONITOR" value="LG localhost:7100$NeoLoad$lguserloadperpopulation~localhost:7100"/>
<objectids-entry key="¤¤" objectid="109" type="MONITOR" value="LG localhost:7100$NeoLoad$lgthreadcount.localhost:7100"/>
<objectids-entry key="¤¤" objectid="110" type="MONITOR" value="LG localhost:7100$NeoLoad$lg.jetty.httpclient.threadpool.used.localhost:7100"/>
<objectids-entry key="¤¤" objectid="111" type="MONITOR" value="LG localhost:7100$NeoLoad$lg.jetty.httpclient.taskpool.used.localhost:7100"/>
<objectids-entry key="¤¤" objectid="112" type="THRESHOLD" value="LG localhost:7100$NeoLoad$1580bba0-2819-452a-826a-537844a77e50"/>
<objectids-entry key="¤¤" objectid="113" type="MONITOR" value="LG localhost:7100$NeoLoad$lgdisconnections.localhost:7100"/>
<objectids-entry key="¤¤" objectid="114" type="MONITOR" value="LG localhost:7100$NeoLoad$lgreconnections.localhost:7100"/>
<objectids-entry key="¤¤" objectid="115" type="MONITOR" value="LG localhost:7100$NeoLoad$lgping.localhost:7100"/>
<objectids-entry key="¤¤" objectid="116" type="MONITOR" value="LG localhost:7100$NeoLoad$lgotcp.localhost:7100"/>
<objectids-entry key="¤¤" objectid="117" type="MONITOR" value="LG localhost:7100$NeoLoad$lgtcp.localhost:7100"/>
<objectids-entry key="¤¤" objectid="118" type="MONITOR" value="LG localhost:7100$NeoLoad$lgibytesperinterface~localhost:7100~wlan1"/>
<objectids-entry key="¤¤" objectid="119" type="MONITOR" value="LG localhost:7100$NeoLoad$lgobytesperinterface~localhost:7100~wlan1"/>
<objectids-entry key="¤¤" objectid="120" type="MONITOR" value="LG localhost:7100$NeoLoad$lgibytesperinterface~localhost:7100~wlan0"/>
<objectids-entry key="¤¤" objectid="121" type="MONITOR" value="LG localhost:7100$NeoLoad$lgobytesperinterface~localhost:7100~wlan0"/>
</objectids-table>
<!--****** DURATION ******-->
<duration value="0"/>
<!--****** AGGREGATION PERIOD ******-->
<aggregation-period value="1000"/>
<!--****** EXTENDED STATISTICS ******-->
<truncated-mean centered-interval="true" percentage="90"/>
<percentile percentage="50"/>
</project>
